-- TIETOKANNAN JA TAULUJEN LUONTIKYSELYT

-- TODO: id rows were previously:
-- id INT PRIMARY KEY NOT NULL AUTO_INCREMENT
-- but our sqlite needs it to be this way, change later


-- CREATE DATABASE sauna_db

-- USE sauna_db

CREATE TABLE Batches(
    id INT PRIMARY KEY
);

CREATE TABLE Users(
    id INTEGER PRIMARY KEY AUTOINCREMENT,
    type INT NOT NULL,
    username VARCHAR(20) NOT NULL UNIQUE,
    password CHAR(64) NOT NULL,
    batch INT,
    active BOOLEAN NOT NULL,
    FOREIGN KEY (batch) REFERENCES Batches(id)
);

CREATE TABLE CoachProfiles(
    user_id INT,
    name VARCHAR(30) NOT NULL,
    img_url VARCHAR(100) DEFAULT '../app/imgs/coach_placeholder.png',
    description TEXT,
    company VARCHAR(20) NOT NULL,
    email VARCHAR(50) NOT NULL,
    linkedin VARCHAR(100),
    FOREIGN KEY (user_id) REFERENCES Users(id)
);

CREATE TABLE StartupProfiles(
    user_id INT,
    name VARCHAR(30) NOT NULL,
    img_url VARCHAR(100) DEFAULT '../app/imgs/coach_placeholder.png',
    description TEXT,
    email VARCHAR(50) NOT NULL,
    website VARCHAR(100),
    FOREIGN KEY (user_id) REFERENCES Users(id)
);

CREATE TEMP VIEW IF NOT EXISTS Profiles AS
SELECT user_id, name, description, email, website, NULL AS company, NULL AS linkedin FROM StartupProfiles
	UNION ALL
SELECT user_id, name, description, email, NULL AS website, company, linkedin FROM CoachProfiles;

-- View that unifies the credentials and members.
CREATE TEMP VIEW IF NOT EXISTS CredentialsListEntries AS
SELECT user_id AS uid, company AS title, title AS content FROM Credentials
	UNION ALL
SELECT startup_id AS uid, name AS title, title AS content FROM TeamMembers;


CREATE TABLE Credentials(
    id INTEGER PRIMARY KEY AUTOINCREMENT,
    user_id INT NOT NULL,
    company VARCHAR(20) NOT NULL,
    title VARCHAR(30) NOT NULL,
    FOREIGN KEY (user_id) REFERENCES Users(id)
);

CREATE TABLE TeamMembers(
    id INTEGER PRIMARY KEY AUTOINCREMENT,
    startup_id INT NOT NULL,
    name VARCHAR(40) NOT NULL,
    title VARCHAR(30) NOT NULL,
    FOREIGN KEY (startup_id) REFERENCES Users(id)
);

CREATE TABLE Timeslots(
    id INTEGER PRIMARY KEY AUTOINCREMENT,
    user_id INT,
    date DATE NOT NULL,
    time TIME NOT NULL,
    duration INT NOT NULL,
    FOREIGN KEY (user_id) REFERENCES Users(id),
		FOREIGN KEY (date) REFERENCES MeetingDays(date),
		UNIQUE (user_id, date) ON CONFLICT REPLACE
);

CREATE TABLE Meetings(
    id INTEGER PRIMARY KEY AUTOINCREMENT,
    coach_id INT,
    startup_id INT,
    date DATE NOT NULL,
    time TIME NOT NULL,
    duration INT NOT NULL,
    coach_rating INT,
    startup_rating INT,
    FOREIGN KEY (coach_id) REFERENCES Users(id),
    FOREIGN KEY (startup_id) REFERENCES Users(id),
		FOREIGN KEY (date) REFERENCES MeetingDays(date)
);

CREATE TABLE MeetingDays(
	date DATE PRIMARY KEY,
	startTime TIME NOT NULL,
	endTime TIME NOT NULL,
	split INT NOT NULL,
	matchmakingDone INT NOT NULL
);

CREATE TABLE Ratings(
    coach_id INT,
    startup_id INT,
    coach_rating INT,
    startup_rating INT,
    FOREIGN KEY (coach_id) REFERENCES Users(id),
    FOREIGN KEY (startup_id) REFERENCES Users(id)
);

-- TESTIDATA

INSERT INTO Batches VALUES (0), (1);

-- All the passwords for coaches and startups are pass and for admin admin
INSERT INTO Users (type, username, password, batch, active) VALUES
	(2, 'startup1', '$2a$10$1dNm4ulcJqb59s4UcRwGc.2WrNIYTQFkFsAb4rymGlpFH2JjFrn72', 1, 1),
	(2, 'startup2', '$2a$10$1dNm4ulcJqb59s4UcRwGc.2WrNIYTQFkFsAb4rymGlpFH2JjFrn72', 1, 1),
	(2, 'startup3', '$2a$10$1dNm4ulcJqb59s4UcRwGc.2WrNIYTQFkFsAb4rymGlpFH2JjFrn72', 1, 1),
	(2, 'startup4', '$2a$10$1dNm4ulcJqb59s4UcRwGc.2WrNIYTQFkFsAb4rymGlpFH2JjFrn72', 1, 1),
	(2, 'startup5', '$2a$10$1dNm4ulcJqb59s4UcRwGc.2WrNIYTQFkFsAb4rymGlpFH2JjFrn72', 1, 1),
	(2, 'startup6', '$2a$10$1dNm4ulcJqb59s4UcRwGc.2WrNIYTQFkFsAb4rymGlpFH2JjFrn72', 1, 1),
	(2, 'startup7', '$2a$10$1dNm4ulcJqb59s4UcRwGc.2WrNIYTQFkFsAb4rymGlpFH2JjFrn72', 1, 1),
	(2, 'startup8', '$2a$10$1dNm4ulcJqb59s4UcRwGc.2WrNIYTQFkFsAb4rymGlpFH2JjFrn72', 1, 1),
	(2, 'startup9', '$2a$10$1dNm4ulcJqb59s4UcRwGc.2WrNIYTQFkFsAb4rymGlpFH2JjFrn72', 1, 1),
	(2, 'startup10', '$2a$10$1dNm4ulcJqb59s4UcRwGc.2WrNIYTQFkFsAb4rymGlpFH2JjFrn72', 1, 0),
	(2, 'startup11', '$2a$10$1dNm4ulcJqb59s4UcRwGc.2WrNIYTQFkFsAb4rymGlpFH2JjFrn72', 1, 0),
	(2, 'startup12', '$2a$10$1dNm4ulcJqb59s4UcRwGc.2WrNIYTQFkFsAb4rymGlpFH2JjFrn72', 1, 0),
	(2, 'startup13', '$2a$10$1dNm4ulcJqb59s4UcRwGc.2WrNIYTQFkFsAb4rymGlpFH2JjFrn72', 1, 0),

	(1, 'coach1', '$2a$10$1dNm4ulcJqb59s4UcRwGc.2WrNIYTQFkFsAb4rymGlpFH2JjFrn72', 1, 1),
	(1, 'coach2', '$2a$10$1dNm4ulcJqb59s4UcRwGc.2WrNIYTQFkFsAb4rymGlpFH2JjFrn72', 1, 1),
	(1, 'coach3', '$2a$10$1dNm4ulcJqb59s4UcRwGc.2WrNIYTQFkFsAb4rymGlpFH2JjFrn72', 1, 1),
	(1, 'coach4', '$2a$10$1dNm4ulcJqb59s4UcRwGc.2WrNIYTQFkFsAb4rymGlpFH2JjFrn72', 1, 1),
	(1, 'coach5', '$2a$10$1dNm4ulcJqb59s4UcRwGc.2WrNIYTQFkFsAb4rymGlpFH2JjFrn72', 1, 1),
	(1, 'coach6', '$2a$10$1dNm4ulcJqb59s4UcRwGc.2WrNIYTQFkFsAb4rymGlpFH2JjFrn72', 1, 1),
	(1, 'coach7', '$2a$10$1dNm4ulcJqb59s4UcRwGc.2WrNIYTQFkFsAb4rymGlpFH2JjFrn72', 1, 1),
	(1, 'coach8', '$2a$10$1dNm4ulcJqb59s4UcRwGc.2WrNIYTQFkFsAb4rymGlpFH2JjFrn72', 1, 1),
	(1, 'coach9', '$2a$10$1dNm4ulcJqb59s4UcRwGc.2WrNIYTQFkFsAb4rymGlpFH2JjFrn72', 0, 0),
	(1, 'coach10', '$2a$10$1dNm4ulcJqb59s4UcRwGc.2WrNIYTQFkFsAb4rymGlpFH2JjFrn72', 0, 0),
	(1, 'coach11', '$2a$10$1dNm4ulcJqb59s4UcRwGc.2WrNIYTQFkFsAb4rymGlpFH2JjFrn72', 0, 0),
	(1, 'coach12', '$2a$10$1dNm4ulcJqb59s4UcRwGc.2WrNIYTQFkFsAb4rymGlpFH2JjFrn72', 0, 0),
	(1, 'coach13', '$2a$10$1dNm4ulcJqb59s4UcRwGc.2WrNIYTQFkFsAb4rymGlpFH2JjFrn72', 0, 0),
	(1, 'coach14', '$2a$10$1dNm4ulcJqb59s4UcRwGc.2WrNIYTQFkFsAb4rymGlpFH2JjFrn72', 0, 0),
	(1, 'coach15', '$2a$10$1dNm4ulcJqb59s4UcRwGc.2WrNIYTQFkFsAb4rymGlpFH2JjFrn72', 0, 0),
	(1, 'coach16', '$2a$10$1dNm4ulcJqb59s4UcRwGc.2WrNIYTQFkFsAb4rymGlpFH2JjFrn72', 0, 0),
	(1, 'coach17', '$2a$10$1dNm4ulcJqb59s4UcRwGc.2WrNIYTQFkFsAb4rymGlpFH2JjFrn72', 0, 0),
	(1, 'coach18', '$2a$10$1dNm4ulcJqb59s4UcRwGc.2WrNIYTQFkFsAb4rymGlpFH2JjFrn72', 0, 0),
	(1, 'coach19', '$2a$10$1dNm4ulcJqb59s4UcRwGc.2WrNIYTQFkFsAb4rymGlpFH2JjFrn72', 0, 1),
	(1, 'coach20', '$2a$10$1dNm4ulcJqb59s4UcRwGc.2WrNIYTQFkFsAb4rymGlpFH2JjFrn72', 0, 1),
	(1, 'coach21', '$2a$10$1dNm4ulcJqb59s4UcRwGc.2WrNIYTQFkFsAb4rymGlpFH2JjFrn72', 0, 1),
	(1, 'coach22', '$2a$10$1dNm4ulcJqb59s4UcRwGc.2WrNIYTQFkFsAb4rymGlpFH2JjFrn72', 0, 1),
	(1, 'coach23', '$2a$10$1dNm4ulcJqb59s4UcRwGc.2WrNIYTQFkFsAb4rymGlpFH2JjFrn72', 0, 1),
	(1, 'coach24', '$2a$10$1dNm4ulcJqb59s4UcRwGc.2WrNIYTQFkFsAb4rymGlpFH2JjFrn72', 0, 1),
	(1, 'coach25', '$2a$10$1dNm4ulcJqb59s4UcRwGc.2WrNIYTQFkFsAb4rymGlpFH2JjFrn72', 0, 1),
	(1, 'coach26', '$2a$10$1dNm4ulcJqb59s4UcRwGc.2WrNIYTQFkFsAb4rymGlpFH2JjFrn72', 0, 1),
	(1, 'coach27', '$2a$10$1dNm4ulcJqb59s4UcRwGc.2WrNIYTQFkFsAb4rymGlpFH2JjFrn72', 0, 1),
	(1, 'coach28', '$2a$10$1dNm4ulcJqb59s4UcRwGc.2WrNIYTQFkFsAb4rymGlpFH2JjFrn72', 0, 1),
	(1, 'coach29', '$2a$10$1dNm4ulcJqb59s4UcRwGc.2WrNIYTQFkFsAb4rymGlpFH2JjFrn72', 0, 1),
	(1, 'coach30', '$2a$10$1dNm4ulcJqb59s4UcRwGc.2WrNIYTQFkFsAb4rymGlpFH2JjFrn72', 0, 1),
	(1, 'coach31', '$2a$10$1dNm4ulcJqb59s4UcRwGc.2WrNIYTQFkFsAb4rymGlpFH2JjFrn72', 0, 1),
	(1, 'coach32', '$2a$10$1dNm4ulcJqb59s4UcRwGc.2WrNIYTQFkFsAb4rymGlpFH2JjFrn72', 0, 1),
	(1, 'coach33', '$2a$10$1dNm4ulcJqb59s4UcRwGc.2WrNIYTQFkFsAb4rymGlpFH2JjFrn72', 0, 1),
	(1, 'coach34', '$2a$10$1dNm4ulcJqb59s4UcRwGc.2WrNIYTQFkFsAb4rymGlpFH2JjFrn72', 0, 1),
	(1, 'coach35', '$2a$10$1dNm4ulcJqb59s4UcRwGc.2WrNIYTQFkFsAb4rymGlpFH2JjFrn72', 0, 1),
	(1, 'coach36', '$2a$10$1dNm4ulcJqb59s4UcRwGc.2WrNIYTQFkFsAb4rymGlpFH2JjFrn72', 0, 1),
	(1, 'coach37', '$2a$10$1dNm4ulcJqb59s4UcRwGc.2WrNIYTQFkFsAb4rymGlpFH2JjFrn72', 0, 1),
	(1, 'coach38', '$2a$10$1dNm4ulcJqb59s4UcRwGc.2WrNIYTQFkFsAb4rymGlpFH2JjFrn72', 0, 1),
	(1, 'coach39', '$2a$10$1dNm4ulcJqb59s4UcRwGc.2WrNIYTQFkFsAb4rymGlpFH2JjFrn72', 0, 1),
	(1, 'coach40', '$2a$10$1dNm4ulcJqb59s4UcRwGc.2WrNIYTQFkFsAb4rymGlpFH2JjFrn72', 0, 1),
	(1, 'coach41', '$2a$10$1dNm4ulcJqb59s4UcRwGc.2WrNIYTQFkFsAb4rymGlpFH2JjFrn72', 0, 1),
	(1, 'coach42', '$2a$10$1dNm4ulcJqb59s4UcRwGc.2WrNIYTQFkFsAb4rymGlpFH2JjFrn72', 0, 1),
	(1, 'coach43', '$2a$10$1dNm4ulcJqb59s4UcRwGc.2WrNIYTQFkFsAb4rymGlpFH2JjFrn72', 0, 1),
	(1, 'coach44', '$2a$10$1dNm4ulcJqb59s4UcRwGc.2WrNIYTQFkFsAb4rymGlpFH2JjFrn72', 0, 1),
	(1, 'coach45', '$2a$10$1dNm4ulcJqb59s4UcRwGc.2WrNIYTQFkFsAb4rymGlpFH2JjFrn72', 0, 1),
	(1, 'coach46', '$2a$10$1dNm4ulcJqb59s4UcRwGc.2WrNIYTQFkFsAb4rymGlpFH2JjFrn72', 0, 1),
	(1, 'coach47', '$2a$10$1dNm4ulcJqb59s4UcRwGc.2WrNIYTQFkFsAb4rymGlpFH2JjFrn72', 0, 1),
	(1, 'coach48', '$2a$10$1dNm4ulcJqb59s4UcRwGc.2WrNIYTQFkFsAb4rymGlpFH2JjFrn72', 0, 1),
	(1, 'coach49', '$2a$10$1dNm4ulcJqb59s4UcRwGc.2WrNIYTQFkFsAb4rymGlpFH2JjFrn72', 0, 1),
	(1, 'coach50', '$2a$10$1dNm4ulcJqb59s4UcRwGc.2WrNIYTQFkFsAb4rymGlpFH2JjFrn72', 0, 1),
	(1, 'coach51', '$2a$10$1dNm4ulcJqb59s4UcRwGc.2WrNIYTQFkFsAb4rymGlpFH2JjFrn72', 0, 1),
	(1, 'coach52', '$2a$10$1dNm4ulcJqb59s4UcRwGc.2WrNIYTQFkFsAb4rymGlpFH2JjFrn72', 0, 1),
	(1, 'coach53', '$2a$10$1dNm4ulcJqb59s4UcRwGc.2WrNIYTQFkFsAb4rymGlpFH2JjFrn72', 0, 1),
	(1, 'coach54', '$2a$10$1dNm4ulcJqb59s4UcRwGc.2WrNIYTQFkFsAb4rymGlpFH2JjFrn72', 0, 1),
	(1, 'coach55', '$2a$10$1dNm4ulcJqb59s4UcRwGc.2WrNIYTQFkFsAb4rymGlpFH2JjFrn72', 0, 1),
	(1, 'coach56', '$2a$10$1dNm4ulcJqb59s4UcRwGc.2WrNIYTQFkFsAb4rymGlpFH2JjFrn72', 0, 1),
	(1, 'coach57', '$2a$10$1dNm4ulcJqb59s4UcRwGc.2WrNIYTQFkFsAb4rymGlpFH2JjFrn72', 0, 1),
	(1, 'coach58', '$2a$10$1dNm4ulcJqb59s4UcRwGc.2WrNIYTQFkFsAb4rymGlpFH2JjFrn72', 0, 1),
	(1, 'coach59', '$2a$10$1dNm4ulcJqb59s4UcRwGc.2WrNIYTQFkFsAb4rymGlpFH2JjFrn72', 0, 1),
	(1, 'coach60', '$2a$10$1dNm4ulcJqb59s4UcRwGc.2WrNIYTQFkFsAb4rymGlpFH2JjFrn72', 0, 1),
	(1, 'coach61', '$2a$10$1dNm4ulcJqb59s4UcRwGc.2WrNIYTQFkFsAb4rymGlpFH2JjFrn72', 0, 1),
	(1, 'coach62', '$2a$10$1dNm4ulcJqb59s4UcRwGc.2WrNIYTQFkFsAb4rymGlpFH2JjFrn72', 0, 1),
	(1, 'coach63', '$2a$10$1dNm4ulcJqb59s4UcRwGc.2WrNIYTQFkFsAb4rymGlpFH2JjFrn72', 0, 1),
	(1, 'coach64', '$2a$10$1dNm4ulcJqb59s4UcRwGc.2WrNIYTQFkFsAb4rymGlpFH2JjFrn72', 0, 1),
	(1, 'coach65', '$2a$10$1dNm4ulcJqb59s4UcRwGc.2WrNIYTQFkFsAb4rymGlpFH2JjFrn72', 0, 1),
	(1, 'coach66', '$2a$10$1dNm4ulcJqb59s4UcRwGc.2WrNIYTQFkFsAb4rymGlpFH2JjFrn72', 0, 1),
	(1, 'coach67', '$2a$10$1dNm4ulcJqb59s4UcRwGc.2WrNIYTQFkFsAb4rymGlpFH2JjFrn72', 0, 1),
	(1, 'coach68', '$2a$10$1dNm4ulcJqb59s4UcRwGc.2WrNIYTQFkFsAb4rymGlpFH2JjFrn72', 0, 1),
	(1, 'coach69', '$2a$10$1dNm4ulcJqb59s4UcRwGc.2WrNIYTQFkFsAb4rymGlpFH2JjFrn72', 0, 1),

	(0, 'admin', '$2a$10$CRYjO.6VHRvS0nnc/LvDp.dWJlchXzeGpiU2M2yWrlD1zFDsmLPMm', 0, 1);

INSERT INTO CoachProfiles (user_id, name, description, company, email, linkedin) VALUES
	(14, 'Aape Pohjavirta', 'Coach description', 'Coach company', 'coach1@email.com', 'linkedin.com/coach1'),
	(15, 'Andrea Di Pietrantonio', 'Coach description', 'Coach company', 'coach2@email.com', 'linkedin.com/coach2'),
	(16, 'Antti Pennanen', 'Coach description', 'Coach company', 'coach3@email.com', 'linkedin.com/coach3'),
	(17, 'Antti Kokkinen', 'Coach description', 'Coach company', 'coach4@email.com', 'linkedin.com/coach4'),
	(18, 'Antti Virolainen', 'Coach description', 'Coach company', 'coach5@email.com', 'linkedin.com/coach5'),
	(19, 'Artturi Tarjanne', 'Coach description', 'Coach company', 'coach6@email.com', 'linkedin.com/coach6'),
	(20, 'Asmo Halinen', 'Coach description', 'Coach company', 'coach7@email.com', 'linkedin.com/coach7'),
	(21, 'Chris Thür', 'Coach description', 'Coach company', 'coach8@email.com', 'linkedin.com/coach8'),
	(22, 'Claudio Camacho', 'Coach description', 'Coach company', 'coach9@email.com', 'linkedin.com/coach9'),
	(23, 'Duane Atkins', 'Coach description', 'Coach company', 'coach10@email.com', 'linkedin.com/coach10'),
	(24, 'Ekaterina Gianelli', 'Coach description', 'Coach company', 'coach11@email.com', 'linkedin.com/coach11'),
	(25, 'Elina Piispanen', 'Coach description', 'Coach company', 'coach12@email.com', 'linkedin.com/coach12'),
	(26, 'Emma Huovinen', 'Coach description', 'Coach company', 'coach13@email.com', 'linkedin.com/coach13'),
	(27, 'Erik Pöntiskoski', 'Coach description', 'Coach company', 'coach14@email.com', 'linkedin.com/coach14'),
	(28, 'Evgeny Kruglov', 'Coach description', 'Coach company', 'coach15@email.com', 'linkedin.com/coach15'),
	(29, 'Harri Junttila', 'Coach description', 'Coach company', 'coach16@email.com', 'linkedin.com/coach16'),
	(30, 'Harry Santamaki', 'Coach description', 'Coach company', 'coach17@email.com', 'linkedin.com/coach17'),
	(31, 'Ilkka Kivimaki', 'Coach description', 'Coach company', 'coach18@email.com', 'linkedin.com/coach18'),
	(32, 'Inka Mero', 'Coach description', 'Coach company', 'coach19@email.com', 'linkedin.com/coach19'),
	(33, 'Isaac Moshe', 'Coach description', 'Coach company', 'coach20@email.com', 'linkedin.com/coach20'),
	(34, 'Jaakko Salminen', 'Coach description', 'Coach company', 'coach21@email.com', 'linkedin.com/coach21'),
	(35, 'Jan-Erik Nyrövaara', 'Coach description', 'Coach company', 'coach22@email.com', 'linkedin.com/coach22'),
	(36, 'Janne Karjalainen', 'Coach description', 'Coach company', 'coach23@email.com', 'linkedin.com/coach23'),
	(37, 'Janne Korpela', 'Coach description', 'Coach company', 'coach24@email.com', 'linkedin.com/coach24'),
	(38, 'Jari Hurttia', 'Coach description', 'Coach company', 'coach25@email.com', 'linkedin.com/coach25'),
	(39, 'Jarmo Kuusivuori', 'Coach description', 'Coach company', 'coach26@email.com', 'linkedin.com/coach26'),
	(40, 'Jeremias Kangas', 'Coach description', 'Coach company', 'coach27@email.com', 'linkedin.com/coach27'),
	(41, 'John Dannberg', 'Coach description', 'Coach company', 'coach28@email.com', 'linkedin.com/coach28'),
	(42, 'Jorma Vartia', 'Coach description', 'Coach company', 'coach29@email.com', 'linkedin.com/coach29'),
	(43, 'Juha Ruohonen', 'Coach description', 'Coach company', 'coach30@email.com', 'linkedin.com/coach30'),
	(44, 'Juha Kaunisto', 'Coach description', 'Coach company', 'coach31@email.com', 'linkedin.com/coach31'),
	(45, 'Juhani Polkko', 'Coach description', 'Coach company', 'coach32@email.com', 'linkedin.com/coach32'),
	(46, 'Juska Teittinen', 'Coach description', 'Coach company', 'coach33@email.com', 'linkedin.com/coach33'),
	(47, 'Jussi Nevanlinna', 'Coach description', 'Coach company', 'coach34@email.com', 'linkedin.com/coach34'),
	(48, 'Jussi Harvela', 'Coach description', 'Coach company', 'coach35@email.com', 'linkedin.com/coach35'),
	(49, 'Kaj Hagros', 'Coach description', 'Coach company', 'coach36@email.com', 'linkedin.com/coach36'),
	(50, 'Kalle Freese', 'Coach description', 'Coach company', 'coach37@email.com', 'linkedin.com/coach37'),
	(51, 'Kristoffer Lawson', 'Coach description', 'Coach company', 'coach38@email.com', 'linkedin.com/coach38'),
	(52, 'Kustaa Valtonen', 'Coach description', 'Coach company', 'coach39@email.com', 'linkedin.com/coach39'),
	(53, 'Lauri Kokkila', 'Coach description', 'Coach company', 'coach40@email.com', 'linkedin.com/coach40'),
	(54, 'Markko Vaarnas', 'Coach description', 'Coach company', 'coach41@email.com', 'linkedin.com/coach41'),
	(55, 'Matti Kari', 'Coach description', 'Coach company', 'coach42@email.com', 'linkedin.com/coach42'),
	(56, 'Mikael Honkavaara', 'Coach description', 'Coach company', 'coach43@email.com', 'linkedin.com/coach43'),
	(57, 'Mika Marjalaakso', 'Coach description', 'Coach company', 'coach44@email.com', 'linkedin.com/coach44'),
	(58, 'Mike Bradshaw', 'Coach description', 'Coach company', 'coach45@email.com', 'linkedin.com/coach45'),
	(59, 'Moaffak Ahmed', 'Coach description', 'Coach company', 'coach46@email.com', 'linkedin.com/coach46'),
	(60, 'Nils Paajanen', 'Coach description', 'Coach company', 'coach47@email.com', 'linkedin.com/coach47'),
	(61, 'Nina Ignatius', 'Coach description', 'Coach company', 'coach48@email.com', 'linkedin.com/coach48'),
	(62, 'Olli Pekonen', 'Coach description', 'Coach company', 'coach49@email.com', 'linkedin.com/coach49'),
	(63, 'Olli Osara', 'Coach description', 'Coach company', 'coach50@email.com', 'linkedin.com/coach50'),
	(64, 'Oskari Kettunen', 'Coach description', 'Coach company', 'coach51@email.com', 'linkedin.com/coach51'),
	(65, 'Oskari Lehtonen', 'Coach description', 'Coach company', 'coach52@email.com', 'linkedin.com/coach52'),
	(66, 'Osma Ahvenlampi', 'Coach description', 'Coach company', 'coach53@email.com', 'linkedin.com/coach53'),
	(67, 'Ossi Numminen', 'Coach description', 'Coach company', 'coach54@email.com', 'linkedin.com/coach54'),
	(68, 'Otto Hilska', 'Coach description', 'Coach company', 'coach55@email.com', 'linkedin.com/coach55'),
	(69, 'Paolo Borella', 'Coach description', 'Coach company', 'coach56@email.com', 'linkedin.com/coach56'),
	(70, 'Pekka Koskinen', 'Coach description', 'Coach company', 'coach57@email.com', 'linkedin.com/coach57'),
	(71, 'Peter Vesterbacka', 'Coach description', 'Coach company', 'coach58@email.com', 'linkedin.com/coach58'),
	(72, 'Phil Laszkowicz', 'Coach description', 'Coach company', 'coach59@email.com', 'linkedin.com/coach59'),
	(73, 'Pontus Stråhlman', 'Coach description', 'Coach company', 'coach60@email.com', 'linkedin.com/coach60'),
	(74, 'Riku Asikainen', 'Coach description', 'Coach company', 'coach61@email.com', 'linkedin.com/coach61'),
	(75, 'Saku Everi', 'Coach description', 'Coach company', 'coach62@email.com', 'linkedin.com/coach62'),
	(76, 'Sampo Lappalainen', 'Coach description', 'Coach company', 'coach63@email.com', 'linkedin.com/coach63'),
	(77, 'Stefano Mosconi', 'Coach description', 'Coach company', 'coach64@email.com', 'linkedin.com/coach64'),
	(78, 'Tapio Siik', 'Coach description', 'Coach company', 'coach65@email.com', 'linkedin.com/coach65'),
	(79, 'Timo Tirkkonen', 'Coach description', 'Coach company', 'coach66@email.com', 'linkedin.com/coach66'),
	(80, 'Torsti Tenhunen', 'Coach description', 'Coach company', 'coach67@email.com', 'linkedin.com/coach67'),
	(81, 'Ville Vesterinen', 'Coach description', 'Coach company', 'coach68@email.com', 'linkedin.com/coach68'),
	(82, 'Ville Miettinen', 'Coach description', 'Coach company', 'coach69@email.com', 'linkedin.com/coach69');

INSERT INTO StartupProfiles (user_id, name, description, email, website) VALUES
	(1, 'AdLaunch', 'Startup Description', 'startup1@ssauna.com', 'www.startup1.com'),
	(2, 'Avanto', 'Startup Description', 'startup2@ssauna.com', 'www.startup2.com'),
	(3, 'BeWarned', 'Startup Description', 'startup3@ssauna.com', 'www.startup3.com'),
	(4, 'BrightCharger', 'Startup Description', 'startup4@ssauna.com', 'www.startup4.com'),
	(5, 'Collabee', 'Startup Description', 'startup5@ssauna.com', 'www.startup5.com'),
	(6, 'Frank', 'Startup Description', 'startup6@ssauna.com', 'www.startup6.com'),
	(7, 'Hefio', 'Startup Description', 'startup7@ssauna.com', 'www.startup7.com'),
	(8, 'Leap', 'Startup Description', 'startup8@ssauna.com', 'www.startup8.com'),
	(9, 'Mappointer', 'Startup Description', 'startup9@ssauna.com', 'www.startup9.com'),
	(10, 'Polkadot', 'Startup Description', 'startup10@ssauna.com', 'www.startup10.com'),
	(11, 'Silvere', 'Startup Description', 'startup11@ssauna.com', 'www.startup11.com'),
	(12, 'Yealloh', 'Startup Description', 'startup12@ssauna.com', 'www.startup12.com'),
	(13, '2MEU', 'Startup Description', 'startup13@ssauna.com', 'www.startup13.com');

INSERT INTO MeetingDays (date, startTime, endTime, split, matchmakingDone) VALUES
	('2017-10-03', '10:00:00', '16:00:00', 40, 0),
	('2017-10-10', '10:00:00', '16:00:00', 40, 0);

INSERT INTO Meetings (coach_id, startup_id, date, time, duration, coach_rating, startup_rating) VALUES
	(15, 7, '2017-10-03', '12:00:00', 40, 0, 1),
	(15, 8, '2017-10-03', '12:40:00', 40, 1, 3),
	(15, 10, '2017-10-03', '13:20:00', 40, 0, 0),
	(15, 3, '2017-10-10', '12:00:00', 40, 0, 3),
	(15, 4, '2017-10-10', '12:40:00', 40, 0, 1),
	(15, 5, '2017-10-10', '13:20:00', 40, 2, 3),
	(15, 6, '2017-10-10', '15:20:00', 40, 0, 3),
	(15, 7, '2017-10-10', '12:00:00', 40, 0, 1),
	(15, 8, '2017-10-10', '12:00:00', 40, 1, 3),
	(15, 10, '2017-10-10', '12:00:00', 40, 0, 0),
	(17, 1, '2017-10-10', '12:00:00', 40, 0, 0),
	(17, 2, '2017-10-10', '12:00:00', 40, 0, 1),
	(17, 4, '2017-10-10', '12:00:00', 40, 0, 1),
	(17, 5, '2017-10-10', '12:00:00', 40, 1, 3),
	(17, 6, '2017-10-10', '12:00:00', 40, 2, 3),
	(17, 7, '2017-10-10', '12:00:00', 40, 0, 0),
	(17, 8, '2017-10-10', '12:00:00', 40, 0, 0),
	(17, 9, '2017-10-10', '12:00:00', 40, 0, 1),
	(17, 10, '2017-10-10', '12:00:00', 40, 2, 3),
	(17, 11, '2017-10-10', '12:00:00', 40, 2, 3),
	(17, 12, '2017-10-10', '12:00:00', 40, 0, 1),
	(17, 13, '2017-10-10', '12:00:00', 40, 0, -1),
	(19, 1, '2017-10-10', '12:00:00', 40, 0, 1),
	(19, 5, '2017-10-10', '12:00:00', 40, 0, 3),
	(19, 6, '2017-10-10', '12:00:00', 40, 0, 3),
	(19, 8, '2017-10-10', '12:00:00', 40, 0, 1),
	(19, 9, '2017-10-10', '12:00:00', 40, 1, 3),
	(19, 10, '2017-10-10', '12:00:00', 40, 0, 1),
	(23, 1, '2017-10-10', '12:00:00', 40, -1, 1),
	(23, 2, '2017-10-10', '12:00:00', 40, -1, 0),
	(23, 3, '2017-10-10', '12:00:00', 40, -1, 3),
	(23, 4, '2017-10-10', '12:00:00', 40, -1, 1),
	(23, 5, '2017-10-10', '12:00:00', 40, -1, 3),
	(23, 6, '2017-10-10', '12:00:00', 40, -1, 1),
	(23, 7, '2017-10-10', '12:00:00', 40, -1, -1),
	(23, 8, '2017-10-10', '12:00:00', 40, -1, 1),
	(23, 9, '2017-10-10', '12:00:00', 40, -1, 1),
	(23, 10, '2017-10-10', '12:00:00', 40, -1, 1),
	(23, 11, '2017-10-10', '12:00:00', 40, -1, 3),
	(23, 12, '2017-10-10', '12:00:00', 40, -1, 3),
	(23, 13, '2017-10-10', '12:00:00', 40, -1, 1),
	(26, 1, '2017-10-10', '12:00:00', 40, 0, 3),
	(26, 5, '2017-10-10', '12:00:00', 40, 0, 1),
	(26, 6, '2017-10-10', '12:00:00', 40, -1, 1),
	(26, 8, '2017-10-10', '12:00:00', 40, 0, 1),
	(26, 9, '2017-10-10', '12:00:00', 40, 0, 3),
	(28, 1, '2017-10-10', '12:00:00', 40, 0, 1),
	(28, 2, '2017-10-10', '12:00:00', 40, 0, 1),
	(28, 3, '2017-10-10', '12:00:00', 40, 0, 1),
	(28, 4, '2017-10-10', '12:00:00', 40, 1, 1),
	(28, 5, '2017-10-10', '12:00:00', 40, 0, 3),
	(28, 6, '2017-10-10', '12:00:00', 40, 0, 1),
	(28, 7, '2017-10-10', '12:00:00', 40, 1, -1),
	(28, 8, '2017-10-10', '12:00:00', 40, 0, 1),
	(28, 9, '2017-10-10', '12:00:00', 40, 1, 3),
	(28, 10, '2017-10-10', '12:00:00', 40, 0, 1),
	(28, 11, '2017-10-10', '12:00:00', 40, 0, 0),
	(28, 12, '2017-10-10', '12:00:00', 40, 2, 3),
	(28, 13, '2017-10-10', '12:00:00', 40, 2, 3),
	(30, 1, '2017-10-10', '12:00:00', 40, 0, 1),
	(30, 2, '2017-10-10', '12:00:00', 40, 1, 3),
	(30, 3, '2017-10-10', '12:00:00', 40, 0, 1),
	(30, 4, '2017-10-10', '12:00:00', 40, 0, 1),
	(30, 5, '2017-10-10', '12:00:00', 40, 1, 1),
	(30, 6, '2017-10-10', '12:00:00', 40, 0, 1),
	(30, 7, '2017-10-10', '12:00:00', 40, 0, 1),
	(30, 8, '2017-10-10', '12:00:00', 40, 0, 1),
	(30, 9, '2017-10-10', '12:00:00', 40, 1, 3),
	(30, 10, '2017-10-10', '12:00:00', 40, 0, 1),
	(30, 11, '2017-10-10', '12:00:00', 40, 0, 1),
	(30, 12, '2017-10-10', '12:00:00', 40, 2, 3),
	(30, 13, '2017-10-10', '12:00:00', 40, 0, 1),
	(32, 2, '2017-10-10', '12:00:00', 40, 0, 1),
	(32, 3, '2017-10-10', '12:00:00', 40, 0, 1),
	(32, 4, '2017-10-10', '12:00:00', 40, 0, 3),
	(32, 5, '2017-10-10', '12:00:00', 40, 0, 1),
	(32, 6, '2017-10-10', '12:00:00', 40, 0, 3),
	(32, 7, '2017-10-10', '12:00:00', 40, 0, 3),
	(32, 10, '2017-10-10', '12:00:00', 40, 0, 1),
	(32, 11, '2017-10-10', '12:00:00', 40, 0, 1),
	(32, 12, '2017-10-10', '12:00:00', 40, 0, 1),
	(33, 2, '2017-10-10', '12:00:00', 40, 0, 1),
	(33, 3, '2017-10-10', '12:00:00', 40, 2, 3),
	(33, 4, '2017-10-10', '12:00:00', 40, 1, 1),
	(33, 5, '2017-10-10', '12:00:00', 40, 1, 3),
	(33, 6, '2017-10-10', '12:00:00', 40, 1, 3),
	(33, 7, '2017-10-10', '12:00:00', 40, 0, 1),
	(33, 8, '2017-10-10', '12:00:00', 40, 0, 0),
	(33, 9, '2017-10-10', '12:00:00', 40, 0, 1),
	(33, 10, '2017-10-10', '12:00:00', 40, 1, 1),
	(33, 11, '2017-10-10', '12:00:00', 40, 1, 3),
	(33, 12, '2017-10-10', '12:00:00', 40, 0, 1),
	(34, 2, '2017-10-10', '12:00:00', 40, 2, 3),
	(34, 3, '2017-10-10', '12:00:00', 40, 0, 1),
	(34, 4, '2017-10-10', '12:00:00', 40, 0, 0),
	(34, 5, '2017-10-10', '12:00:00', 40, 0, 3),
	(34, 6, '2017-10-10', '12:00:00', 40, 0, 0),
	(34, 9, '2017-10-10', '12:00:00', 40, 0, 3),
	(34, 10, '2017-10-10', '12:00:00', 40, 0, 0),
	(34, 11, '2017-10-10', '12:00:00', 40, 2, 3),
	(34, 12, '2017-10-10', '12:00:00', 40, 0, 3),
	(36, 1, '2017-10-10', '12:00:00', 40, 0, 1),
	(36, 2, '2017-10-10', '12:00:00', 40, 0, 1),
	(36, 3, '2017-10-10', '12:00:00', 40, 1, 3),
	(36, 4, '2017-10-10', '12:00:00', 40, 2, 3),
	(36, 5, '2017-10-10', '12:00:00', 40, 0, 1),
	(36, 6, '2017-10-10', '12:00:00', 40, 0, 3),
	(36, 9, '2017-10-10', '12:00:00', 40, 0, 3),
	(36, 10, '2017-10-10', '12:00:00', 40, 0, 0),
	(36, 11, '2017-10-10', '12:00:00', 40, 2, 3),
	(36, 13, '2017-10-10', '12:00:00', 40, 0, 0),
	(38, 1, '2017-10-10', '12:00:00', 40, 0, 1),
	(38, 2, '2017-10-10', '12:00:00', 40, 1, 1),
	(38, 4, '2017-10-10', '12:00:00', 40, 0, 3),
	(38, 5, '2017-10-10', '12:00:00', 40, 0, 1),
	(38, 6, '2017-10-10', '12:00:00', 40, 0, 1),
	(38, 7, '2017-10-10', '12:00:00', 40, 0, 3),
	(38, 9, '2017-10-10', '12:00:00', 40, 0, 0),
	(38, 11, '2017-10-10', '12:00:00', 40, 0, 3),
	(38, 12, '2017-10-10', '12:00:00', 40, 0, 1),
	(39, 1, '2017-10-10', '12:00:00', 40, 1, 1),
	(39, 2, '2017-10-10', '12:00:00', 40, 0, 3),
	(39, 3, '2017-10-10', '12:00:00', 40, 0, 3),
	(39, 4, '2017-10-10', '12:00:00', 40, 0, 1),
	(39, 5, '2017-10-10', '12:00:00', 40, 0, 1),
	(39, 6, '2017-10-10', '12:00:00', 40, 0, 1),
	(39, 7, '2017-10-10', '12:00:00', 40, 1, 3),
	(39, 8, '2017-10-10', '12:00:00', 40, 1, 1),
	(39, 9, '2017-10-10', '12:00:00', 40, 1, 1),
	(39, 10, '2017-10-10', '12:00:00', 40, 0, 1),
	(39, 11, '2017-10-10', '12:00:00', 40, 1, 1),
	(39, 12, '2017-10-10', '12:00:00', 40, 1, 1),
	(39, 13, '2017-10-10', '12:00:00', 40, 0, 1),
	(45, 1, '2017-10-10', '12:00:00', 40, 0, 1),
	(45, 2, '2017-10-10', '12:00:00', 40, 0, 1),
	(45, 3, '2017-10-10', '12:00:00', 40, 2, 3),
	(45, 4, '2017-10-10', '12:00:00', 40, 0, 1),
	(45, 5, '2017-10-10', '12:00:00', 40, 2, 3),
	(45, 6, '2017-10-10', '12:00:00', 40, 2, 3),
	(45, 7, '2017-10-10', '12:00:00', 40, 1, 1),
	(45, 8, '2017-10-10', '12:00:00', 40, 0, 3),
	(45, 9, '2017-10-10', '12:00:00', 40, 0, 0),
	(45, 10, '2017-10-10', '12:00:00', 40, 1, 1),
	(45, 11, '2017-10-10', '12:00:00', 40, 2, 3),
	(45, 12, '2017-10-10', '12:00:00', 40, 2, 3),
	(45, 13, '2017-10-10', '12:00:00', 40, 1, 1),
	(46, 1, '2017-10-10', '12:00:00', 40, 0, 3),
	(46, 2, '2017-10-10', '12:00:00', 40, 0, 1),
	(46, 3, '2017-10-10', '12:00:00', 40, 0, 1),
	(46, 4, '2017-10-10', '12:00:00', 40, 0, 3),
	(46, 5, '2017-10-10', '12:00:00', 40, 0, 1),
	(46, 6, '2017-10-10', '12:00:00', 40, 0, 1),
	(46, 7, '2017-10-10', '12:00:00', 40, 0, 1),
	(46, 8, '2017-10-10', '12:00:00', 40, 0, 3),
	(46, 9, '2017-10-10', '12:00:00', 40, 0, 3),
	(46, 10, '2017-10-10', '12:00:00', 40, 0, 1),
	(46, 11, '2017-10-10', '12:00:00', 40, 1, 3),
	(46, 12, '2017-10-10', '12:00:00', 40, 0, 1),
	(46, 13, '2017-10-10', '12:00:00', 40, 0, 0),
	(49, 4, '2017-10-10', '12:00:00', 40, 0, 3),
	(49, 5, '2017-10-10', '12:00:00', 40, 0, 3),
	(49, 6, '2017-10-10', '12:00:00', 40, 0, 3),
	(49, 7, '2017-10-10', '12:00:00', 40, 0, 3),
	(49, 11, '2017-10-10', '12:00:00', 40, 0, 3),
	(49, 12, '2017-10-10', '12:00:00', 40, 0, 3),
	(49, 13, '2017-10-10', '12:00:00', 40, 0, 0),
	(50, 1, '2017-10-10', '12:00:00', 40, 0, 1),
	(50, 3, '2017-10-10', '12:00:00', 40, 0, 0),
	(50, 4, '2017-10-10', '12:00:00', 40, 0, 1),
	(50, 5, '2017-10-10', '12:00:00', 40, 0, 1),
	(50, 6, '2017-10-10', '12:00:00', 40, 0, 1),
	(50, 7, '2017-10-10', '12:00:00', 40, 0, 0),
	(50, 9, '2017-10-10', '12:00:00', 40, 0, 3),
	(50, 12, '2017-10-10', '12:00:00', 40, 0, 1),
	(51, 5, '2017-10-10', '12:00:00', 40, 0, 3),
	(51, 6, '2017-10-10', '12:00:00', 40, 0, 1),
	(51, 7, '2017-10-10', '12:00:00', 40, 0, 1),
	(51, 8, '2017-10-10', '12:00:00', 40, 0, 0),
	(51, 11, '2017-10-10', '12:00:00', 40, 0, 3),
	(51, 12, '2017-10-10', '12:00:00', 40, 0, 1),
	(53, 2, '2017-10-10', '12:00:00', 40, 1, 1),
	(53, 5, '2017-10-10', '12:00:00', 40, 0, 1),
	(53, 9, '2017-10-10', '12:00:00', 40, 0, 3),
	(53, 10, '2017-10-10', '12:00:00', 40, 1, 1),
	(53, 11, '2017-10-10', '12:00:00', 40, 0, 3),
	(53, 12, '2017-10-10', '12:00:00', 40, 0, 3),
	(53, 13, '2017-10-10', '12:00:00', 40, 1, 1),
	(55, 1, '2017-10-10', '12:00:00', 40, 0, 0),
	(55, 2, '2017-10-10', '12:00:00', 40, 0, 0),
	(55, 3, '2017-10-10', '12:00:00', 40, 0, 1),
	(55, 4, '2017-10-10', '12:00:00', 40, 0, 1),
	(55, 5, '2017-10-10', '12:00:00', 40, 0, 1),
	(55, 6, '2017-10-10', '12:00:00', 40, 0, 1),
	(55, 7, '2017-10-10', '12:00:00', 40, 0, 3),
	(55, 8, '2017-10-10', '12:00:00', 40, 0, 3),
	(55, 9, '2017-10-10', '12:00:00', 40, 0, 3),
	(55, 10, '2017-10-10', '12:00:00', 40, 0, 1),
	(55, 13, '2017-10-10', '12:00:00', 40, 0, 3),
	(57, 1, '2017-10-10', '12:00:00', 40, 0, 3),
	(57, 2, '2017-10-10', '12:00:00', 40, 0, 3),
	(57, 3, '2017-10-10', '12:00:00', 40, 0, 0),
	(57, 4, '2017-10-10', '12:00:00', 40, 0, 3),
	(57, 5, '2017-10-10', '12:00:00', 40, 0, 1),
	(57, 6, '2017-10-10', '12:00:00', 40, 0, 1),
	(57, 7, '2017-10-10', '12:00:00', 40, 0, 3),
	(57, 8, '2017-10-10', '12:00:00', 40, 0, 3),
	(57, 9, '2017-10-10', '12:00:00', 40, 0, 0),
	(57, 10, '2017-10-10', '12:00:00', 40, 0, 3),
	(57, 11, '2017-10-10', '12:00:00', 40, 0, 0),
	(57, 12, '2017-10-10', '12:00:00', 40, 0, 1),
	(57, 13, '2017-10-10', '12:00:00', 40, 0, 1),
	(59, 2, '2017-10-10', '12:00:00', 40, 0, 0),
	(59, 3, '2017-10-10', '12:00:00', 40, 0, 3),
	(59, 5, '2017-10-10', '12:00:00', 40, 0, 3),
	(59, 6, '2017-10-10', '12:00:00', 40, 0, 3),
	(59, 7, '2017-10-10', '12:00:00', 40, 0, 1),
	(59, 8, '2017-10-10', '12:00:00', 40, 0, 1),
	(59, 9, '2017-10-10', '12:00:00', 40, 0, 3),
	(59, 10, '2017-10-10', '12:00:00', 40, 0, 1),
	(59, 11, '2017-10-10', '12:00:00', 40, 0, 0),
	(59, 12, '2017-10-10', '12:00:00', 40, 0, 3),
	(59, 13, '2017-10-10', '12:00:00', 40, 0, 3),
	(62, 1, '2017-10-10', '12:00:00', 40, 0, 1),
	(62, 5, '2017-10-10', '12:00:00', 40, 0, 0),
	(62, 6, '2017-10-10', '12:00:00', 40, 0, 1),
	(62, 7, '2017-10-10', '12:00:00', 40, 0, 1),
	(62, 8, '2017-10-10', '12:00:00', 40, 0, 0),
	(62, 9, '2017-10-10', '12:00:00', 40, 0, 0),
	(62, 11, '2017-10-10', '12:00:00', 40, 0, 1),
	(63, 1, '2017-10-10', '12:00:00', 40, 0, 1),
	(63, 2, '2017-10-10', '12:00:00', 40, 2, 3),
	(63, 4, '2017-10-10', '12:00:00', 40, 2, 3),
	(63, 5, '2017-10-10', '12:00:00', 40, 0, 0),
	(63, 6, '2017-10-10', '12:00:00', 40, 0, 1),
	(63, 7, '2017-10-10', '12:00:00', 40, 0, 3),
	(63, 8, '2017-10-10', '12:00:00', 40, 2, 3),
	(63, 9, '2017-10-10', '12:00:00', 40, 0, 3),
	(64, 1, '2017-10-10', '12:00:00', 40, 0, 0),
	(64, 2, '2017-10-10', '12:00:00', 40, 0, 0),
	(64, 3, '2017-10-10', '12:00:00', 40, 0, 0),
	(64, 4, '2017-10-10', '12:00:00', 40, 2, 3),
	(64, 5, '2017-10-10', '12:00:00', 40, 0, 1),
	(64, 6, '2017-10-10', '12:00:00', 40, 1, 1),
	(64, 7, '2017-10-10', '12:00:00', 40, 0, 0),
	(64, 8, '2017-10-10', '12:00:00', 40, 0, 1),
	(64, 9, '2017-10-10', '12:00:00', 40, 0, 3),
	(64, 10, '2017-10-10', '12:00:00', 40, 0, 1),
	(64, 11, '2017-10-10', '12:00:00', 40, 0, 1),
	(64, 12, '2017-10-10', '12:00:00', 40, 1, 1),
	(64, 13, '2017-10-10', '12:00:00', 40, 1, 1),
	(65, 1, '2017-10-10', '12:00:00', 40, 0, 1),
	(65, 3, '2017-10-10', '12:00:00', 40, 0, 1),
	(65, 5, '2017-10-10', '12:00:00', 40, 0, 1),
	(65, 6, '2017-10-10', '12:00:00', 40, 0, 1),
	(65, 9, '2017-10-10', '12:00:00', 40, 0, 0),
	(65, 10, '2017-10-10', '12:00:00', 40, 0, 0),
	(65, 11, '2017-10-10', '12:00:00', 40, 0, 0),
	(65, 12, '2017-10-10', '12:00:00', 40, 0, 3),
	(65, 13, '2017-10-10', '12:00:00', 40, 0, 3),
	(66, 1, '2017-10-10', '12:00:00', 40, 0, 1),
	(66, 2, '2017-10-10', '12:00:00', 40, 1, 1),
	(66, 3, '2017-10-10', '12:00:00', 40, 1, 1),
	(66, 4, '2017-10-10', '12:00:00', 40, 2, 3),
	(66, 5, '2017-10-10', '12:00:00', 40, 1, 1),
	(66, 6, '2017-10-10', '12:00:00', 40, 0, 1),
	(66, 7, '2017-10-10', '12:00:00', 40, 1, 3),
	(66, 8, '2017-10-10', '12:00:00', 40, 1, 3),
	(66, 9, '2017-10-10', '12:00:00', 40, 0, 0),
	(66, 10, '2017-10-10', '12:00:00', 40, 0, 1),
	(66, 11, '2017-10-10', '12:00:00', 40, 0, 1),
	(66, 12, '2017-10-10', '12:00:00', 40, 0, 1),
	(66, 13, '2017-10-10', '12:00:00', 40, 1, 1),
	(68, 2, '2017-10-10', '12:00:00', 40, 0, 0),
	(68, 3, '2017-10-10', '12:00:00', 40, 0, 0),
	(68, 5, '2017-10-10', '12:00:00', 40, 0, 3),
	(68, 6, '2017-10-10', '12:00:00', 40, 0, 3),
	(68, 7, '2017-10-10', '12:00:00', 40, 0, 0),
	(68, 9, '2017-10-10', '12:00:00', 40, 0, 3),
	(68, 10, '2017-10-10', '12:00:00', 40, 0, 0),
	(68, 12, '2017-10-10', '12:00:00', 40, 0, 3),
	(68, 13, '2017-10-10', '12:00:00', 40, 0, 0),
	(71, 2, '2017-10-10', '12:00:00', 40, 0, 3),
	(71, 5, '2017-10-10', '12:00:00', 40, 0, 3),
	(71, 8, '2017-10-10', '12:00:00', 40, 0, 1),
	(71, 9, '2017-10-10', '12:00:00', 40, 0, 3),
	(71, 10, '2017-10-10', '12:00:00', 40, 0, 3),
	(71, 12, '2017-10-10', '12:00:00', 40, 0, 0),
	(71, 13, '2017-10-10', '12:00:00', 40, 0, 3),
	(72, 2, '2017-10-10', '12:00:00', 40, 0, 0),
	(72, 3, '2017-10-10', '12:00:00', 40, 0, 3),
	(72, 5, '2017-10-10', '12:00:00', 40, 0, 3),
	(72, 6, '2017-10-10', '12:00:00', 40, 0, 1),
	(72, 7, '2017-10-10', '12:00:00', 40, 0, 0),
	(72, 8, '2017-10-10', '12:00:00', 40, 0, 1),
	(72, 9, '2017-10-10', '12:00:00', 40, 0, 3),
	(72, 10, '2017-10-10', '12:00:00', 40, 0, 1),
	(72, 11, '2017-10-10', '12:00:00', 40, 0, 3),
	(72, 12, '2017-10-10', '12:00:00', 40, 0, 1),
	(72, 13, '2017-10-10', '12:00:00', 40, 0, 3),
	(73, 1, '2017-10-10', '12:00:00', 40, 1, 1),
	(73, 2, '2017-10-10', '12:00:00', 40, 0, 1),
	(73, 3, '2017-10-10', '12:00:00', 40, 0, 1),
	(73, 4, '2017-10-10', '12:00:00', 40, 1, 1),
	(73, 5, '2017-10-10', '12:00:00', 40, 0, 1),
	(73, 6, '2017-10-10', '12:00:00', 40, 0, 1),
	(73, 7, '2017-10-10', '12:00:00', 40, 1, 1),
	(73, 8, '2017-10-10', '12:00:00', 40, 1, 3),
	(73, 9, '2017-10-10', '12:00:00', 40, 0, 1),
	(73, 10, '2017-10-10', '12:00:00', 40, 1, 1),
	(73, 11, '2017-10-10', '12:00:00', 40, 0, 1),
	(73, 12, '2017-10-10', '12:00:00', 40, 0, 3),
	(73, 13, '2017-10-10', '12:00:00', 40, 0, 0),
	(74, 1, '2017-10-10', '12:00:00', 40, 0, 1),
	(74, 5, '2017-10-10', '12:00:00', 40, 0, 3),
	(74, 6, '2017-10-10', '12:00:00', 40, 0, 3),
	(74, 7, '2017-10-10', '12:00:00', 40, 0, 3),
	(74, 9, '2017-10-10', '12:00:00', 40, 0, 3),
	(74, 11, '2017-10-10', '12:00:00', 40, 0, 3),
	(74, 12, '2017-10-10', '12:00:00', 40, 0, 3),
	(74, 13, '2017-10-10', '12:00:00', 40, 0, 0),
	(77, 1, '2017-10-10', '12:00:00', 40, 0, 1),
	(77, 5, '2017-10-10', '12:00:00', 40, 0, 1),
	(77, 6, '2017-10-10', '12:00:00', 40, 0, 1),
	(77, 7, '2017-10-10', '12:00:00', 40, 0, 0),
	(77, 8, '2017-10-10', '12:00:00', 40, 0, 1),
	(77, 9, '2017-10-10', '12:00:00', 40, 0, 3),
	(77, 10, '2017-10-10', '12:00:00', 40, 0, 1),
	(77, 11, '2017-10-10', '12:00:00', 40, 0, 3),
	(77, 12, '2017-10-10', '12:00:00', 40, 2, 3),
	(77, 13, '2017-10-10', '12:00:00', 40, 1, 1),
	(78, 1, '2017-10-10', '12:00:00', 40, 0, 1),
	(78, 2, '2017-10-10', '12:00:00', 40, 1, 1),
	(78, 3, '2017-10-10', '12:00:00', 40, 0, 3),
	(78, 4, '2017-10-10', '12:00:00', 40, 0, 0),
	(78, 5, '2017-10-10', '12:00:00', 40, 1, 3),
	(78, 7, '2017-10-10', '12:00:00', 40, 1, 1),
	(78, 8, '2017-10-10', '12:00:00', 40, 0, 3),
	(78, 9, '2017-10-10', '12:00:00', 40, 0, 0),
	(78, 10, '2017-10-10', '12:00:00', 40, 0, 0),
	(78, 11, '2017-10-10', '12:00:00', 40, 1, 3),
	(78, 12, '2017-10-10', '12:00:00', 40, 0, 1),
	(78, 13, '2017-10-10', '12:00:00', 40, 0, 0),
	(80, 2, '2017-10-10', '12:00:00', 40, 0, 1),
	(80, 3, '2017-10-10', '12:00:00', 40, 0, 3),
	(80, 5, '2017-10-10', '12:00:00', 40, 0, 1),
	(80, 6, '2017-10-10', '12:00:00', 40, 0, 3),
	(80, 7, '2017-10-10', '12:00:00', 40, 0, 3),
	(80, 8, '2017-10-10', '12:00:00', 40, 0, 1),
	(80, 9, '2017-10-10', '12:00:00', 40, 0, 3),
	(80, 10, '2017-10-10', '12:00:00', 40, 0, 1),
	(80, 11, '2017-10-10', '12:00:00', 40, 0, 0),
	(80, 12, '2017-10-10', '12:00:00', 40, 0, 3),
	(80, 13, '2017-10-10', '12:00:00', 40, 0, 0);

INSERT INTO Credentials (user_id, company, title) VALUES
	(14, 'Company', 'Title'),
	(15, 'Company', 'Title'),
	(16, 'Company', 'Title'),
	(17, 'Company', 'Title'),
	(18, 'Company', 'Title'),
	(19, 'Company', 'Title'),
	(20, 'Company', 'Title'),
	(21, 'Company', 'Title'),
	(22, 'Company', 'Title'),
	(23, 'Company', 'Title'),
	(24, 'Company', 'Title'),
	(25, 'Company', 'Title'),
	(26, 'Company', 'Title'),
	(27, 'Company', 'Title'),
	(28, 'Company', 'Title'),
	(29, 'Company', 'Title'),
	(30, 'Company', 'Title'),
	(31, 'Company', 'Title'),
	(32, 'Company', 'Title'),
	(33, 'Company', 'Title'),
	(34, 'Company', 'Title'),
	(35, 'Company', 'Title'),
	(36, 'Company', 'Title'),
	(37, 'Company', 'Title'),
	(38, 'Company', 'Title'),
	(39, 'Company', 'Title'),
	(40, 'Company', 'Title'),
	(41, 'Company', 'Title'),
	(42, 'Company', 'Title'),
	(43, 'Company', 'Title'),
	(44, 'Company', 'Title'),
	(45, 'Company', 'Title'),
	(46, 'Company', 'Title'),
	(47, 'Company', 'Title'),
	(48, 'Company', 'Title'),
	(49, 'Company', 'Title'),
	(50, 'Company', 'Title'),
	(51, 'Company', 'Title'),
	(52, 'Company', 'Title'),
	(53, 'Company', 'Title'),
	(54, 'Company', 'Title'),
	(55, 'Company', 'Title'),
	(56, 'Company', 'Title'),
	(57, 'Company', 'Title'),
	(58, 'Company', 'Title'),
	(59, 'Company', 'Title'),
	(60, 'Company', 'Title'),
	(61, 'Company', 'Title'),
	(62, 'Company', 'Title'),
	(63, 'Company', 'Title'),
	(64, 'Company', 'Title'),
	(65, 'Company', 'Title'),
	(66, 'Company', 'Title'),
	(67, 'Company', 'Title'),
	(68, 'Company', 'Title'),
	(69, 'Company', 'Title'),
	(70, 'Company', 'Title'),
	(71, 'Company', 'Title'),
	(72, 'Company', 'Title'),
	(73, 'Company', 'Title'),
	(74, 'Company', 'Title'),
	(75, 'Company', 'Title'),
	(76, 'Company', 'Title'),
	(77, 'Company', 'Title'),
	(78, 'Company', 'Title'),
	(79, 'Company', 'Title'),
	(80, 'Company', 'Title'),
	(81, 'Company', 'Title'),
	(82, 'Company', 'Title');


INSERT INTO Ratings (coach_id, startup_id, coach_rating, startup_rating) VALUES
	(15, 3, 0, 3),
	(15, 4, 0, 1),
	(15, 5, 2, 3),
	(15, 6, 0, 3),
	(15, 7, 0, 1),
	(15, 8, 1, 3),
	(15, 10, 0, 0),
	(17, 1, 0, 0),
	(17, 2, 0, 1),
	(17, 4, 0, 1),
	(17, 5, 1, 3),
	(17, 6, 2, 3),
	(17, 7, 0, 0),
	(17, 8, 0, 0),
	(17, 9, 0, 1),
	(17, 10, 2, 3),
	(17, 11, 2, 3),
	(17, 12, 0, 1),
	(17, 13, 0, 1),
	(19, 1, 0, 1),
	(19, 5, 0, 3),
	(19, 6, 0, 3),
	(19, 8, 0, 1),
	(19, 9, 1, 3),
	(19, 10, 0, 1),
	(23, 1, 1, 1),
	(23, 2, 0, 0),
	(23, 3, 0, 3),
	(23, 4, 1, 1),
	(23, 5, 2, 3),
	(23, 6, 1, 1),
	(23, 7, 1, 1),
	(23, 8, 1, 1),
	(23, 9, 1, 1),
	(23, 10, 0, 1),
	(23, 11, 0, 3),
	(23, 12, 2, 3),
	(23, 13, 0, 1),
	(26, 1, 0, 3),
	(26, 5, 0, 1),
	(26, 6, 0, 1),
	(26, 8, 0, 1),
	(26, 9, 0, 3),
	(28, 1, 0, 1),
	(28, 2, 0, 1),
	(28, 3, 0, 1),
	(28, 4, 1, 1),
	(28, 5, 0, 3),
	(28, 6, 0, 1),
	(28, 7, 1, 1),
	(28, 8, 0, 1),
	(28, 9, 1, 3),
	(28, 10, 0, 1),
	(28, 11, 0, 0),
	(28, 12, 2, 3),
	(28, 13, 2, 3),
	(30, 1, 0, 1),
	(30, 2, 1, 3),
	(30, 3, 0, 1),
	(30, 4, 0, 1),
	(30, 5, 1, 1),
	(30, 6, 0, 1),
	(30, 7, 0, 1),
	(30, 8, 0, 1),
	(30, 9, 1, 3),
	(30, 10, 0, 1),
	(30, 11, 0, 1),
	(30, 12, 2, 3),
	(30, 13, 0, 1),
	(32, 2, 0, 1),
	(32, 3, 0, 1),
	(32, 4, 0, 3),
	(32, 5, 0, 1),
	(32, 6, 0, 3),
	(32, 7, 0, 3),
	(32, 10, 0, 1),
	(32, 11, 0, 1),
	(32, 12, 0, 1),
	(33, 2, 0, 1),
	(33, 3, 2, 3),
	(33, 4, 1, 1),
	(33, 5, 1, 3),
	(33, 6, 1, 3),
	(33, 7, 0, 1),
	(33, 8, 0, 0),
	(33, 9, 0, 1),
	(33, 10, 1, 1),
	(33, 11, 1, 3),
	(33, 12, 0, 1),
	(34, 2, 2, 3),
	(34, 3, 0, 1),
	(34, 4, 0, 0),
	(34, 5, 0, 3),
	(34, 6, 0, 0),
	(34, 9, 0, 3),
	(34, 10, 0, 0),
	(34, 11, 2, 3),
	(34, 12, 0, 3),
	(36, 1, 0, 1),
	(36, 2, 0, 1),
	(36, 3, 1, 3),
	(36, 4, 2, 3),
	(36, 5, 0, 1),
	(36, 6, 0, 3),
	(36, 9, 0, 3),
	(36, 10, 0, 0),
	(36, 11, 2, 3),
	(36, 13, 0, 0),
	(38, 1, 0, 1),
	(38, 2, 1, 1),
	(38, 4, 0, 3),
	(38, 5, 0, 1),
	(38, 6, 0, 1),
	(38, 7, 0, 3),
	(38, 9, 0, 0),
	(38, 11, 0, 3),
	(38, 12, 0, 1),
	(39, 1, 1, 1),
	(39, 2, 0, 3),
	(39, 3, 0, 3),
	(39, 4, 0, 1),
	(39, 5, 0, 1),
	(39, 6, 0, 1),
	(39, 7, 1, 3),
	(39, 8, 1, 1),
	(39, 9, 1, 1),
	(39, 10, 0, 1),
	(39, 11, 1, 1),
	(39, 12, 1, 1),
	(39, 13, 0, 1),
	(45, 1, 0, 1),
	(45, 2, 0, 1),
	(45, 3, 2, 3),
	(45, 4, 0, 1),
	(45, 5, 2, 3),
	(45, 6, 2, 3),
	(45, 7, 1, 1),
	(45, 8, 0, 3),
	(45, 9, 0, 0),
	(45, 10, 1, 1),
	(45, 11, 2, 3),
	(45, 12, 2, 3),
	(45, 13, 1, 1),
	(46, 1, 0, 3),
	(46, 2, 0, 1),
	(46, 3, 0, 1),
	(46, 4, 0, 3),
	(46, 5, 0, 1),
	(46, 6, 0, 1),
	(46, 7, 0, 1),
	(46, 8, 0, 3),
	(46, 9, 0, 3),
	(46, 10, 0, 1),
	(46, 11, 1, 3),
	(46, 12, 0, 1),
	(46, 13, 0, 0),
	(49, 4, 0, 3),
	(49, 5, 0, 3),
	(49, 6, 0, 3),
	(49, 7, 0, 3),
	(49, 11, 0, 3),
	(49, 12, 0, 3),
	(49, 13, 0, 0),
	(50, 1, 0, 1),
	(50, 3, 0, 0),
	(50, 4, 0, 1),
	(50, 5, 0, 1),
	(50, 6, 0, 1),
	(50, 7, 0, 0),
	(50, 9, 0, 3),
	(50, 12, 0, 1),
	(51, 5, 0, 3),
	(51, 6, 0, 1),
	(51, 7, 0, 1),
	(51, 8, 0, 0),
	(51, 11, 0, 3),
	(51, 12, 0, 1),
	(53, 2, 1, 1),
	(53, 5, 0, 1),
	(53, 9, 0, 3),
	(53, 10, 1, 1),
	(53, 11, 0, 3),
	(53, 12, 0, 3),
	(53, 13, 1, 1),
	(55, 1, 0, 0),
	(55, 2, 0, 0),
	(55, 3, 0, 1),
	(55, 4, 0, 1),
	(55, 5, 0, 1),
	(55, 6, 0, 1),
	(55, 7, 0, 3),
	(55, 8, 0, 3),
	(55, 9, 0, 3),
	(55, 10, 0, 1),
	(55, 13, 0, 3),
	(57, 1, 0, 3),
	(57, 2, 0, 3),
	(57, 3, 0, 0),
	(57, 4, 0, 3),
	(57, 5, 0, 1),
	(57, 6, 0, 1),
	(57, 7, 0, 3),
	(57, 8, 0, 3),
	(57, 9, 0, 0),
	(57, 10, 0, 3),
	(57, 11, 0, 0),
	(57, 12, 0, 1),
	(57, 13, 0, 1),
	(59, 2, 0, 0),
	(59, 3, 0, 3),
	(59, 5, 0, 3),
	(59, 6, 0, 3),
	(59, 7, 0, 1),
	(59, 8, 0, 1),
	(59, 9, 0, 3),
	(59, 10, 0, 1),
	(59, 11, 0, 0),
	(59, 12, 0, 3),
	(59, 13, 0, 3),
	(62, 1, 0, 1),
	(62, 5, 0, 0),
	(62, 6, 0, 1),
	(62, 7, 0, 1),
	(62, 8, 0, 0),
	(62, 9, 0, 0),
	(62, 11, 0, 1),
	(63, 1, 0, 1),
	(63, 2, 2, 3),
	(63, 4, 2, 3),
	(63, 5, 0, 0),
	(63, 6, 0, 1),
	(63, 7, 0, 3),
	(63, 8, 2, 3),
	(63, 9, 0, 3),
	(64, 1, 0, 0),
	(64, 2, 0, 0),
	(64, 3, 0, 0),
	(64, 4, 2, 3),
	(64, 5, 0, 1),
	(64, 6, 1, 1),
	(64, 7, 0, 0),
	(64, 8, 0, 1),
	(64, 9, 0, 3),
	(64, 10, 0, 1),
	(64, 11, 0, 1),
	(64, 12, 1, 1),
	(64, 13, 1, 1),
	(65, 1, 0, 1),
	(65, 3, 0, 1),
	(65, 5, 0, 1),
	(65, 6, 0, 1),
	(65, 9, 0, 0),
	(65, 10, 0, 0),
	(65, 11, 0, 0),
	(65, 12, 0, 3),
	(65, 13, 0, 3),
	(66, 1, 0, 1),
	(66, 2, 1, 1),
	(66, 3, 1, 1),
	(66, 4, 2, 3),
	(66, 5, 1, 1),
	(66, 6, 0, 1),
	(66, 7, 1, 3),
	(66, 8, 1, 3),
	(66, 9, 0, 0),
	(66, 10, 0, 1),
	(66, 11, 0, 1),
	(66, 12, 0, 1),
	(66, 13, 1, 1),
	(68, 2, 0, 0),
	(68, 3, 0, 0),
	(68, 5, 0, 3),
	(68, 6, 0, 3),
	(68, 7, 0, 0),
	(68, 9, 0, 3),
	(68, 10, 0, 0),
	(68, 12, 0, 3),
	(68, 13, 0, 0),
	(71, 2, 0, 3),
	(71, 5, 0, 3),
	(71, 8, 0, 1),
	(71, 9, 0, 3),
	(71, 10, 0, 3),
	(71, 12, 0, 0),
	(71, 13, 0, 3),
	(72, 2, 0, 0),
	(72, 3, 0, 3),
	(72, 5, 0, 3),
	(72, 6, 0, 1),
	(72, 7, 0, 0),
	(72, 8, 0, 1),
	(72, 9, 0, 3),
	(72, 10, 0, 1),
	(72, 11, 0, 3),
	(72, 12, 0, 1),
	(72, 13, 0, 3),
	(73, 1, 1, 1),
	(73, 2, 0, 1),
	(73, 3, 0, 1),
	(73, 4, 1, 1),
	(73, 5, 0, 1),
	(73, 6, 0, 1),
	(73, 7, 1, 1),
	(73, 8, 1, 3),
	(73, 9, 0, 1),
	(73, 10, 1, 1),
	(73, 11, 0, 1),
	(73, 12, 0, 3),
	(73, 13, 0, 0),
	(74, 1, 0, 1),
	(74, 5, 0, 3),
	(74, 6, 0, 3),
	(74, 7, 0, 3),
	(74, 9, 0, 3),
	(74, 11, 0, 3),
	(74, 12, 0, 3),
	(74, 13, 0, 0),
	(77, 1, 0, 1),
	(77, 5, 0, 1),
	(77, 6, 0, 1),
	(77, 7, 0, 0),
	(77, 8, 0, 1),
	(77, 9, 0, 3),
	(77, 10, 0, 1),
	(77, 11, 0, 3),
	(77, 12, 2, 3),
	(77, 13, 1, 1),
	(78, 1, 0, 1),
	(78, 2, 1, 1),
	(78, 3, 0, 3),
	(78, 4, 0, 0),
	(78, 5, 1, 3),
	(78, 7, 1, 1),
	(78, 8, 0, 3),
	(78, 9, 0, 0),
	(78, 10, 0, 0),
	(78, 11, 1, 3),
	(78, 12, 0, 1),
	(78, 13, 0, 0),
	(80, 2, 0, 1),
	(80, 3, 0, 3),
	(80, 5, 0, 1),
	(80, 6, 0, 3),
	(80, 7, 0, 3),
	(80, 8, 0, 1),
	(80, 9, 0, 3),
	(80, 10, 0, 1),
	(80, 11, 0, 0),
	(80, 12, 0, 3),
	(80, 13, 0, 0);
